id;name;logo;logo_content_type;created_time;updated_time
1;mobile Fish;../data/blob/hipster.png;image/png;77969;59865
2;Table Computer;../data/blob/hipster.png;image/png;5808;45924
3;seamless Metal deposit;../data/blob/hipster.png;image/png;5641;96990
4;parsing red Chips;../data/blob/hipster.png;image/png;18340;61748
5;Home Loan Account;../data/blob/hipster.png;image/png;706;43194
6;intangible;../data/blob/hipster.png;image/png;61185;39986
7;Gorgeous Frozen Pants;../data/blob/hipster.png;image/png;23277;45606
8;bluetooth;../data/blob/hipster.png;image/png;19967;38246
9;Planner Canyon;../data/blob/hipster.png;image/png;85994;60754
10;Table Small Frozen Sausages Planner;../data/blob/hipster.png;image/png;80839;38541
